x,y
0.013930961199412843,0.36339132680042535
0.013589190477753433,0.36335642431591786
0.01355639108602369,0.36335302479392473
0.013553655558644392,0.3633527448136903
0.013552995670290956,0.3633526767169886
0.004405079401943034,0.3623094507018754
-0.015422746276404607,0.36486125354794985
-0.003527210428443326,0.36519844772834653
-0.0054827282529873005,0.3643983556555459
0.0028580481359311086,0.36241922301981483
0.005954276530299384,0.36150029457010047
0.008863129360183686,0.36047814650322174
0.012438528503372393,0.36024693028128096
0.015532003435713353,0.3601452828928742
0.0192998020944824,0.3611077878856425
0.023030812729020043,0.3630452714266434
0.02144781077516246,0.3636463456422381
0.022443647534351987,0.36474047505017687
0.021015245653710556,0.36559605984822213
0.02121668269889436,0.36561060394956296
0.023033219213670904,0.3654156060528138
0.02192113689431255,0.3652270455729718
0.022718533804843552,0.36453235006384055
0.02102459204540614,0.3627047409874797
0.026828712094384307,0.36200038716516053
0.03057403421166162,0.361701049683807
0.03445099726123771,0.3618921343400185
0.03691570347452495,0.36147732407467537
0.0381977905421977,0.3626545942777853
0.03895899902565844,0.3638571002816323
0.04113694599119697,0.3649395594915537
0.04161487412276958,0.3652314483875982
0.04233556346278221,0.3653141575293767
0.04328189535326539,0.36524702679537774
0.045023048717068574,0.36406959688908463
0.04614205282656947,0.3627687805713644
0.049271571675957415,0.36181218032248136
0.0509947654360597,0.36199571161029237
0.055092965443170196,0.36159765357863527
0.05954697602093743,0.3622791256334571
0.06340821050081995,0.36442245359460146
0.06395944485435291,0.3659711676109357
0.06400427667504446,0.3667992878701262
0.06446351836521155,0.3679095587392337
0.06467810107527135,0.36829820488406306
0.06463349178894907,0.3679852758920978
0.06559052263661648,0.36759011865145613
0.06703721571263316,0.366460941656074
0.06913790801175333,0.3651144859865272
0.0716088172113631,0.36303431869927205
0.07312934933586818,0.36259529026812437
0.07811707992364028,0.3631165762267354
0.07523701913422318,0.36382553239577986
0.07749284001463352,0.3646995017720751
0.07862788781918664,0.3675072285892976
0.08001776112258871,0.36853502226190477
0.08205867962729016,0.36887799536168836
0.0828005037522382,0.36881930368245475
0.08461277007471325,0.3685193794593261
0.08747596652655246,0.36754101815776785
0.08993367112619013,0.36679428073148157
0.09207507784806095,0.36656454167707186
0.09561975975199301,0.3676808964580859
0.0982583879103849,0.36807659200078413
0.10156505417435968,0.369618882669427
0.1044259432119117,0.37228725784503836
0.10364012785697341,0.3731354185887379
0.10234452852631067,0.37342428442683145
0.1022899927404741,0.374606060822659
0.10268296651958332,0.3749614440920436
0.1031167464164374,0.3748287020421309
0.1034371572104009,0.37460357296508534
0.10510254522842413,0.37488527980611097
0.10727132835304728,0.37395572918878417
0.11051830753187042,0.37309932688053477
0.11356492152534749,0.3729299061865475
0.11672168824532293,0.3734605799069311
0.11868442247350391,0.3747293181465226
0.11908922582158471,0.37655611682322637
0.11988444002874264,0.37768688107395487
0.12079980378376644,0.37848037635099496
0.12122225626888301,0.37912960321429373
0.12081147065352367,0.37921605339736575
0.12059268733064568,0.3791228928195501
0.12148101453376231,0.3782658642362343
0.12272745175256786,0.3774074955948823
0.1255589096764827,0.37687990328696347
0.12974315880097417,0.3772588474781949
0.13294176931474144,0.3776585929956586
0.13667636362356164,0.3791667896782944
0.140374213511895,0.3818276426983872
0.1412791455391154,0.3835148065759856
0.1407454494481664,0.384293619516841
0.1404253322190685,0.3852268430907557
0.14091932456380585,0.38537931606965325
0.14089577581361706,0.3852856060446368
0.14150244297915265,0.3848066483784965
0.1427527501796656,0.38433025222356804
0.1452928764779396,0.383936862963634
0.1486969124085073,0.3832296153653734
0.15183645978669796,0.3835632793998112
0.1550015413839267,0.3840928531474202
0.15677797728356083,0.3845644108805508
0.1542527765575972,0.38465385238364924
0.15525649044528733,0.38733522900646816
0.15412655642770057,0.3875816175580816
0.1590944970467454,0.38937154869089685
0.1603728063857587,0.38935053969411326
0.16178899529091012,0.38929770595099034
0.16340245500831588,0.3885914844256168
0.16553733389766923,0.38738509325803244
0.16889162551578338,0.3881504901255025
0.17246954830858285,0.389394444467391
0.17572063349662112,0.3903392321193772
0.17937252062384695,0.3925516343852369
0.18200891916458828,0.3958510567906574
0.18181128122498136,0.3972594024342471
0.1807774672189964,0.3979012988404299
0.1798735248332541,0.3985713574893336
0.17810642669948762,0.39788741521044874
0.1793374544100205,0.3981234006899635
0.1793583354766744,0.39787996968102446
0.18076407206701017,0.3980401670974538
0.18236615917734095,0.397191950368217
0.18584781683045892,0.3970150711205101
0.18940115861828682,0.397522460269479
0.19293748681980155,0.3987265375818485
0.19427761440115116,0.399935193837355
0.1948053926272299,0.40164118785297276
0.1971260993512675,0.40352120691019555
0.19842205195824603,0.40511717328531494
0.1990683993202358,0.4057821641452032
0.1983437767679383,0.40581161447357805
0.1995068660795555,0.4060646042264695
0.20106874950591389,0.405755245070902
0.2019756328527922,0.40520155280569237
0.20439527119309148,0.4053714624270839
0.2075454497828792,0.4071545655472578
0.2088780687948915,0.4088164393678413
0.21174416296151977,0.41080695566205283
0.2139936178613393,0.41315798065877035
0.2128186587903858,0.413842516490032
0.21314798038984292,0.4144120530967247
0.21326836907988017,0.4148612531283108
0.2136662080433705,0.41522654829681055
0.21423287756527137,0.41518124844976934
0.21459606717566987,0.41539597136498513
0.21571185804946835,0.41555873861073245
0.2180119939759956,0.41553626095094176
0.21970399429995766,0.41532478346532986
0.2233640617583553,0.4163398132753337
0.22680801433098086,0.41783472971974417
0.22826864537230085,0.41945979228267716
0.23165026355494936,0.4218900062718364
0.2336084379158041,0.4228343427799436
0.23628816935403474,0.4249864015136682
0.23803677143518845,0.4256077855803851
0.23212822732880817,0.42353924424661077
0.23452333925499966,0.42425466066291767
0.23621316667770614,0.4238158468449915
0.23716880256291975,0.42290804102904944
0.24025521364870583,0.4233506856782435
0.2444920717958116,0.424973886597111
0.247686073711222,0.4261257640418079
0.25081143600976336,0.4285498495128277
0.25323749731908973,0.43180486812957775
0.25411076701564994,0.4338612259954431
0.2537093907278819,0.43487516917269964
0.2521086108195191,0.43505585636786936
0.25166064242123143,0.43513510127664035
0.25284058724059777,0.43532721396811974
0.2529951367156291,0.4353005362218837
0.2538910469984792,0.43474258255626974
0.25597223459009305,0.4346748337298859
0.2595944174801916,0.4349433024181033
0.264466966696591,0.43735050720518315
0.267352724853545,0.43867470831357336
0.2689026456282587,0.44018663679252623
0.2707153098270154,0.442628000413116
0.27058304819143636,0.4439216734443603
0.27151327560431265,0.44542243409112414
0.2718947650295042,0.4461430051414379
0.27125977421648356,0.4460153720778517
0.271076484631101,0.4457965241619798
0.27176832990902966,0.4448670312703596
0.27334199841856055,0.4447055153296476
0.2761079722798398,0.4456439580827507
0.2800267412814418,0.44675255410595216
0.2822426336917847,0.4480060771963654
0.2853963627833834,0.45074999541916405
0.28778839763227804,0.4544678034595423
0.28781141628646567,0.45634607097090574
0.2879238147563168,0.45791312158030695
0.28833051918786895,0.4591548993868054
0.2876242293452881,0.458646109197208
0.2877448512173091,0.4584157275642612
0.288360484005206,0.45839755113135444
0.28892832457074624,0.4574098433006839
0.2908810605608096,0.4572732601238472
0.29454589955635024,0.45778053946434305
0.29779643503167585,0.4595933644585506
0.3001379304617623,0.4614574162294233
0.30209735939308213,0.4631433238759935
0.3032764658366473,0.4658694255907005
0.3052762384836528,0.46922931937080753
0.3063206274268075,0.4705500508989694
0.30698062977055324,0.47124579833140434
0.3070572215325155,0.4708914607233863
0.30746068022205975,0.4706058651102961
0.3098186435042811,0.4708338076317054
0.31204810100637104,0.470733432498787
0.31601724387146646,0.47162951404607895
0.31959868357376797,0.4730420585242566
0.3222759372995987,0.4750033469780011
0.3234223371443392,0.47694004980750637
0.32530167013861566,0.4806980478782752
0.3260028805741878,0.48295431061918964
0.32592568795462573,0.48508943112989267
0.32561393993209276,0.485699552425087
0.32456619488088856,0.4852680688553558
0.3242098971510122,0.484529702701801
0.3249779764170653,0.4840754190434964
0.3271083880971253,0.48406622242138114
0.33036484477408584,0.4838481595430051
0.33342401512305386,0.48400148924976527
0.33735763663223406,0.4863638835021878
0.33995485396190817,0.4884710440990887
0.341220512858472,0.49030918695355746
0.3418827425460592,0.4926390477688445
0.34180274623269047,0.49569278834067265
0.34208619255392547,0.49550977263966667
0.34146167369036473,0.49559261844416497
0.34138758102822964,0.495586687734678
0.3420395899851977,0.4956327485698212
0.3441539860680267,0.49559082651782393
0.3473300643132902,0.49567932874702053
0.3502548951512779,0.49737483159049245
0.3540969448984427,0.49939048962337684
0.35720095597542345,0.5016679977871171
0.3597979797276941,0.5048583263817029
0.3612054292579838,0.5086126733929391
0.361155117349169,0.5115406707471053
0.36083647344996683,0.5137305201906996
0.3602966399428093,0.5154637986013586
0.3598763079884614,0.5158144175469438
0.3603940325452895,0.5157272618460302
0.3618994148295499,0.5160793159314209
0.36446254415374946,0.5166116456485758
0.36784167060965467,0.5168420586131488
0.3710872285802018,0.5177824457875457
0.3739282206009145,0.5196856821191475
0.37582182110494633,0.5219229774570202
0.37699548268121325,0.5233062998412521
0.3779487216625744,0.525506931358107
0.37762567687814425,0.5283839535227639
0.3767391738400906,0.5291492222299798
0.37630527787177537,0.5290719502808838
0.3762723213944251,0.5290692669603992
0.3766307509935197,0.5293546690844915
0.3791589173549751,0.5295600286552565
0.3826897617352376,0.5304276508327023
0.3857557030905688,0.5325589707031076
0.38869747981021785,0.5347743097698981
0.39062035962444974,0.5370769711760417
0.3921219397938658,0.5399972618581595
0.3930705686602346,0.5441820702793783
0.3930982947383807,0.5475171755150754
0.3922065156413266,0.5490792343785709
0.39124369510071777,0.5494119642554711
0.39103383361956057,0.549672524342407
0.39158300273161767,0.5498785415521985
0.3931583281675132,0.5504057084807723
0.39397829223740194,0.5515891007120324
0.39708479470946056,0.5526302112776473
0.4003159359813031,0.5542516319845522
0.40288119412222867,0.556089137650344
0.4045542521711312,0.5581499078765624
0.40528909288711273,0.5599955559369635
0.4060219716466028,0.561681884326267
0.40572906921609475,0.563388346453603
0.4053472277257452,0.5649990916582164
0.40485854179028147,0.5650155828215758
0.40459810639514954,0.5644378612331151
0.40472910272942453,0.5644595086398918
0.40740986457906586,0.5649565166343301
0.41063349554226586,0.5658906142299909
0.4135542822727809,0.5676988182898535
0.41603741839971176,0.5698517030229433
0.41801426594672914,0.572055734678664
0.41951025285884236,0.5758154273411279
0.4200807124937929,0.580558290795997
0.4190901057021657,0.5828074733582684
0.4187534454480514,0.5835862432778651
0.4177886701779428,0.5835024982415553
0.41762968427905156,0.5839267318071768
0.41812250329854433,0.5841278177209785
0.4188002897310371,0.5847241236011943
0.4201988998017628,0.5856855942783935
0.42321183526698924,0.5877099060377585
0.42621019146224043,0.5894290419349799
0.42804405190447603,0.5918125909994366
0.4295895895482843,0.5948137522923728
0.4305506521646124,0.5970451673355874
0.4312708238004279,0.6002729083253038
0.43034967129478374,0.6013011334276802
0.4304417931968723,0.6024594566868068
0.42959710170942844,0.6022556471598418
0.43068940822331314,0.6032534351327594
0.43148766036661546,0.6035433311447187
0.43394071633313447,0.6056300911820798
0.43549025485228254,0.6055185168114506
0.43687009063833465,0.6079455701351419
0.43958615878486373,0.6114170761403911
0.4410441467745636,0.6140941950360027
0.44157870956622913,0.6179180135280833
0.44180396227879265,0.6230627143080072
0.44018618151347255,0.6214137751497063
0.43977885787010734,0.6222475998384788
0.43866229852346356,0.6203794980515889
0.43848515721394554,0.6196248768321105
0.43883287575820473,0.6196048109336357
0.43917286792278115,0.6200419632033058
0.43971972980951424,0.6182074509448388
0.4420833891929256,0.6215393318826674
0.44475205443006793,0.623836670865375
0.4469502039384638,0.6272694943811357
0.4484365550684437,0.6308179800151111
0.44950543257507536,0.6335332752029836
0.45015015733579933,0.6362621013863012
0.45043697664521587,0.6387362312988715
0.450496902044194,0.6395424343574729
0.45038099173432256,0.6405256088099662
0.45058463307347013,0.6412699374086528
0.4510190142140861,0.6418526405691555
0.4525982041810649,0.6431616087104777
0.45391296736235337,0.6438492950687349
0.45451785152302104,0.6442412712365498
0.4567988547944778,0.6473506473743585
0.4585034864364474,0.6504177567993126
0.45965168512465804,0.654384106073306
0.4590917753237714,0.6575310957029434
0.45869076084862603,0.6585700725678187
0.4581277156599099,0.6592875719177504
0.4579364573351996,0.6599437739074356
0.45794753089218354,0.6603040420869679
0.45816192433729674,0.6604287964748299
0.4585878270616245,0.6608094996302011
0.4591738352110756,0.6614899659057821
0.4610040803567367,0.6629572403863706
0.46301980440805696,0.6652975084817648
0.4646707015587677,0.6685665811922296
0.4658219274904119,0.6715906643771755
0.46653405625535826,0.6744078860446103
0.4675775448916658,0.676264908180819
0.4671838629219355,0.6773663984229031
0.4670523733216735,0.6781678854820701
0.46675562154878164,0.6781232157844683
0.46656014298451703,0.6779615435140884
0.46667821315593383,0.6777683225866892
0.4677992398841281,0.6780912024356813
0.4694849029835566,0.6798019669163858
0.47013281395645096,0.682053118242542
0.47209264132417245,0.6850533786243311
0.47338419641890794,0.6874714508541726
0.4739628319103857,0.6917053028550812
0.4731631478974849,0.6946044770918968
0.4728173682058795,0.696363811801457
0.47234466332170855,0.6975410761293732
0.47186452909753696,0.6971865958753282
0.47179550088975813,0.6972071683010824
0.47204846446197724,0.6974224251881109
0.4723141073901372,0.6976159440582583
0.47236738927167443,0.6949795768940348
0.47401924980641236,0.6982989166143233
0.47520886760873915,0.7000885106350803
0.4755562520674166,0.7016084293088624
0.47605076476877695,0.7052987656012355
0.47684729437509454,0.7078591795251574
0.47737880299312946,0.7107508823126327
0.4777876698911443,0.7144512500697809
0.4774552437218343,0.7150197926711082
0.4789750472947102,0.7181504011451751
0.4787251293413639,0.7175121148489136
0.47878806132901475,0.7176317248343596
0.47929715564220293,0.7172981466485793
0.4798895642793367,0.717546246888249
0.4805616320540755,0.7192095613574782
0.4820915260739729,0.7221959736468431
0.4831635289046296,0.725089094979411
0.48338154779899384,0.7290196118715654
0.48252912069434056,0.7318237677951779
0.48231039192705,0.7333936544244335
0.4822786555978932,0.7341360335991092
0.4818353059328692,0.7350164094415383
0.4817877343047482,0.7357989713277581
0.4821041590264485,0.7361288515582141
0.4824030406771269,0.7362198325406754
0.4831404407882661,0.7369519042705476
0.48442881201202587,0.738462561684627
0.4859786516945015,0.7410566816543561
0.4872715577085896,0.7447045695431822
0.4882833689918383,0.7478521013010528
0.48915750513797407,0.7503347731761373
0.488880941496606,0.7520678372302685
0.4884540955325586,0.7526163018780494
0.4878678477288002,0.7531221726852433
0.48762365145660713,0.7532635104514437
0.48736182299272157,0.7530574140098399
0.48752849887902255,0.752834931698543
0.488251607952574,0.753616417120109
0.48950692693848746,0.7547563117278608
0.490605767803871,0.7572808414096501
0.49372804330848363,0.7657910345555556
0.49437338351939764,0.7698898451427352
0.4937946101055562,0.7739055096364886
0.49273830074509173,0.7783060385756221
0.4917079802324234,0.7761022975287951
0.4912567446809903,0.7753549982849732
0.4904155571782269,0.7724982166931396
0.49045029211709446,0.7730273346688423
0.49081113593797676,0.7737305985119269
0.4911863053651339,0.7731939021339127
0.49202977491927913,0.7741029736656542
0.493495935163939,0.7742281180272456
0.4954941209702579,0.7759900631362204
0.49683642675337797,0.7793972540733577
0.4972262453324012,0.7833730592319622
0.49751796570388873,0.7860160274507392
0.4965541221218166,0.7891615016329099
0.49530185508806934,0.7913212757476467
0.49494496969496926,0.7927278550822277
0.49506552389085245,0.7940703781632346
0.495435128533648,0.7946445697389231
0.4958427963309854,0.794924429938405
0.4972343160771081,0.796806257470897
0.49866380990343784,0.7988620331844488
0.5001018153347062,0.8017182125060156
0.5010527408717504,0.8038367886950055
0.5014947056244562,0.8063784081122511
0.5011614629207415,0.8102808616005122
0.49960038466204654,0.8143993981314279
0.4985009129191382,0.8158921109971284
0.4979099228649047,0.814475972605369
0.49676922741225404,0.8142624798470718
0.4966026070226447,0.8146330704097058
0.4967964133102478,0.8147705417002942
0.4972585586245794,0.8155873114618124
0.4980765017704416,0.817079457708821
0.4994978709837512,0.8194580796659574
0.5011739539703166,0.8225127444726272
0.5019741298587345,0.8259002334814105
0.5023334489282991,0.8297120942618721
0.5027777421436022,0.8321257003156692
0.504222155150166,0.8335624354506466
0.5023346639700205,0.8342484880734058
0.5008716853933313,0.834594222698728
0.5005115323785427,0.8350092598306331
0.5004487873127048,0.8351452357135454
0.5004806582062532,0.8351792309297814
0.5021774316555718,0.8361397784671503
0.5042718374909416,0.8379691241319822
0.5047579491778682,0.8409907795433105
0.5054901569583179,0.8440748602823229
0.5058301232077685,0.8471985126433406
0.5051525917088988,0.8507204556720168
0.503659329198115,0.8544330968480616
0.5015641415758584,0.8561214236743904
0.500555875071049,0.8557728907596198
0.4994279646685097,0.8554941680488244
0.4991522013570143,0.8558665901162621
0.4994508528362676,0.8561695454157279
0.49955125332109884,0.8569425091765521
0.5003481544492677,0.8588147946283634
0.5020459734794451,0.8615378370245161
0.5032679572947985,0.8647483887855638
0.5036498705562606,0.86832619563259
0.5034042453998772,0.8716113356999744
0.5031734660556738,0.8736470265758038
0.5032458611693554,0.8749602723571013
0.5012514731961778,0.8761393260534667
0.5003252529026772,0.8765992758647396
0.5000192788460315,0.8769175672711066
0.5001580853388562,0.876465548855826
0.5002409926094461,0.8763467630749565
0.5012401937304745,0.8765606608969304
0.5023855231640659,0.8804821364017245
0.5028182566894153,0.8816477816182114
0.5032423732756685,0.8848056492609581
0.5034828968187013,0.8879093927562396
0.5024558951727184,0.8913428826650226
0.5006384669201218,0.8943836904387286
0.4991907256283985,0.8946582744591557
0.49783043531464677,0.8958423559990069
0.4974653130897656,0.8962853458262041
0.49733700415810705,0.896046876664667
0.49763316545216985,0.8959241891850696
0.4978459242353636,0.8966417869553548
0.49841161029483694,0.8973774430163726
0.4993413214537204,0.9006502188817063
0.5003474711369147,0.9036069412839931
0.5005498513009816,0.9077317890508145
0.5003439644873509,0.9104365405118082
0.5002786867172995,0.9118064245564896
0.4992551959971238,0.9090821524418314
0.49798204720676686,0.9098050150806383
0.4969127379264191,0.913354049792269
0.4966556930387033,0.9140880962135511
0.4967510041213313,0.9155372439261358
0.4970226590931983,0.9158459921503224
0.49767839892875787,0.9186683077384314
0.4988525472151695,0.9236198757610764
0.49928688102790575,0.9228344608779697
0.49963463073451536,0.9271688376135618
0.49890014707421154,0.9302089262796467
0.49723265370640035,0.933588317663598
0.4947078682058199,0.936890801025994
0.4935223016180117,0.9369342295299399
0.49315032452535934,0.935714508834633
0.49354577095649504,0.9325261380271329
0.4931405363870258,0.9339455625191964
0.493418615154781,0.9342119845887743
0.49368418283081117,0.9341557880319249
0.4942790897983428,0.9351393742519861
0.4950812189271806,0.9360307220037531
0.4959992089151738,0.9381786005930863
0.4956245493239817,0.9420744163274096
0.4948631047560472,0.9448735021450443
0.49392516136696746,0.9463405116911889
0.49307723303914935,0.9487109467232626
0.4921786620637615,0.9489605186750227
0.49042798880011357,0.9512888074145396
0.4901027651012898,0.9525969903584173
0.4901426185483996,0.9536045358832332
0.4903434264701158,0.9539740230310116
0.4912055495746872,0.9564909581201484
0.49230700645680636,0.9580355869979478
0.491665556507323,0.9616300265656057
0.4908834840391375,0.965464022359309
0.48995985378860646,0.9690358459132855
0.4883565189914312,0.9722399495610795
0.4857203857248248,0.9759111278570254
0.48424924388953516,0.9759863755464573
0.4837010411145629,0.9759895846705142
0.48404860772276503,0.9735011562523241
0.4837717232609522,0.974114014268373
0.48404322389472215,0.9743310007084364
0.484109424279092,0.9750735180719583
0.4841600172813704,0.9759969263410395
0.4849176607557643,0.9777000311630303
0.4858570052051388,0.9798366755914376
0.48541217070386317,0.9841486487756556
0.48437527950005826,0.9878871382256103
0.48410089890792035,0.9896137747544986
0.4838733526813406,0.9918018270040516
0.4824085732940349,0.9914421268693119
0.4811938208787907,0.9934139761736203
0.4805373198648947,0.994572171760334
0.4804123261273618,0.9957340686197915
0.4805220140394724,0.9955183706313473
0.48162649023127835,0.9966730222696135
0.4823796434037698,0.9983880613319684
0.4826359465601793,1.0051582662207506
0.482874251693139,1.0052112123134833
0.4823181213364395,1.0084988328494726
0.4805311744462424,1.0118668968129807
0.47751263030312546,1.0145463160576285
0.4752060777152034,1.0158295969169988
0.47363628549093945,1.0159379906677455
0.47301647256058066,1.0156789860324391
0.472519130974633,1.0162969325919193
0.4730358539993546,1.015856440886294
0.4728088736097369,1.0169195321187823
0.4725207248550397,1.0186487290245332
0.47346501042751454,1.0209496895684587
0.47712573494573896,1.0170052494365747
0.4749564418526625,1.0226282114776448
0.4729405203937668,1.0271628185329262
0.47165624930994315,1.0294426279480624
0.47013207746974417,1.0319089792949103
0.46838712813473915,1.0327569571472897
0.4674498683910997,1.0337469469817293
0.4663487836100507,1.0355393073830248
0.4661729001392161,1.0366533417193724
0.4663994109211801,1.0370740145897686
0.4669483625042905,1.0393761733917413
0.4675565280715517,1.041402908054585
0.46657133026286435,1.0440949100559695
0.46524818900272635,1.0477635875461797
0.4637556993566082,1.0515218344111388
0.46134755413367995,1.0550728646819407
0.4591684171584168,1.0562832612006186
0.4582075719061228,1.0558468174573625
0.457855982027316,1.054854164649772
0.45741572006513137,1.0544011469844599
0.4565330704487337,1.0559153252025624
0.45633736267500746,1.057082279996064
0.45699624926043503,1.056028239879158
0.45675282417116464,1.0575632343059849
0.4567892927561355,1.0599563997925334
0.45671127316572424,1.0620213907488298
0.45543207506330574,1.0652234665935738
0.45398441957046776,1.068346551268765
0.4522423026146585,1.0704292460679403
0.45069060136350836,1.07134355608049
0.4494323129854721,1.0723598409431325
0.4486149577013381,1.0721001953225597
0.44768502885435263,1.0724422932707385
0.4494021495870515,1.0712640903438757
0.4478521819504062,1.073045149992938
0.44762198501552797,1.0751879982344656
0.4471726277820173,1.0786188237707526
0.4449028203564901,1.0818659198483556
0.4431008520113491,1.087155409598636
0.443512008559765,1.0865504476712706
0.4414624846626842,1.089180732144533
0.4391943795419329,1.0908994856468417
0.438422442642705,1.091479533050439
0.43747839796785143,1.092228768500761
0.4362730416888665,1.092413282525666
0.43604789111288045,1.0936391249444142
0.43598015953466646,1.0934502875174676
0.4357704987869129,1.0942458006842903
0.435126859646643,1.0951725484011094
0.4348451447177216,1.0972675710417947
0.43423953833791984,1.0990517741753068
0.4329827828669505,1.1019983597784986
0.4315447933257826,1.1049824349517434
0.4317638753492414,1.1027488311267473
0.4294180752394611,1.1066388314245785
0.42777312700064585,1.107311904489405
0.42685442228120274,1.1082912777424077
0.42655900074793635,1.1095855027105759
0.42659316406920694,1.110341594785747
0.42530555571394507,1.1129267348766998
0.4257581528030714,1.112739852660377
0.4250897126706199,1.1152015258825267
0.42307700216120564,1.1174913013177017
0.4211495164539291,1.1208564468783202
0.41943587848087643,1.1232683533717056
0.41751357240154546,1.1257184137208942
0.4160211917829968,1.1256761481242568
0.4156678020124259,1.1250817855084652
0.41621443794822255,1.1233702575220679
0.415575548605708,1.1235136445300438
0.4152090882774122,1.1240966556589684
0.4136336078957997,1.1284699682395467
0.41477860491953866,1.1249602540345807
0.41254954620747164,1.1290672847377432
0.4112885033552559,1.132039552794816
0.4106316383491864,1.1333748742792662
0.4090609440607217,1.136549290330036
0.4074974251727823,1.1390650490882976
0.4058341937784934,1.141364222005547
0.4040538018665718,1.1431034087929466
0.40279163095592874,1.1441393456247846
0.40161377029861495,1.1451396095254862
0.40020814069219635,1.1450423200916453
0.3997352817601232,1.1469327637455282
0.401291336492797,1.1468893936364761
0.4013644284510311,1.1478829270714126
0.40016381943995927,1.1526097009809377
0.3994304595757649,1.1547794340656177
0.39756691922056464,1.1579139582217668
0.39540284553847926,1.1612683235047108
0.39280952294207455,1.163580218616684
0.38988232253086474,1.1648592843635686
0.38905460398672426,1.1639744326289108
0.38836737300540836,1.1633411755597138
0.38945296609502367,1.1611679338724064
0.3894883495734775,1.161061206369717
0.38923566303402746,1.1619587536708944
0.39015897171976743,1.1615317701696712
0.3892194678736734,1.163213074971537
0.38823046584776877,1.1659441065287597
0.38875988896376656,1.166773867864364
0.387067162804722,1.1700525024951114
0.3845244842240599,1.1732313970602928
0.3829188391630739,1.1746510371827983
0.38030472743436416,1.1766528447640174
0.3775689737181638,1.1797191848662534
0.37604641686060075,1.180801976586423
0.37497618724532983,1.180861422063714
0.37482397511270243,1.1808498457823264
0.37521296746782357,1.1805363930875643
0.37581890429424625,1.181477747562167
0.3763709572483527,1.1826367523172352
0.3749238072157028,1.1857005102556517
0.37321909582439716,1.189488395375608
0.3712557141564321,1.1930559695698564
0.3682788142889256,1.1960126812640262
0.36388559814226257,1.1983915624759165
0.3611634309338909,1.1985032537986733
0.36002936654041023,1.1980179769553816
0.3596822907533149,1.1977136083175166
0.358991935034543,1.1978835189110604
0.35900988944058304,1.1980989297993838
0.35907756167298555,1.1991424514829898
0.3588251913281011,1.2014777928721156
0.35822434855225227,1.204453487715991
0.3579198339587116,1.2079673950342458
0.3566036328069766,1.2108486413883275
0.35466670034531317,1.2131732760304175
0.3529396145413188,1.2145823762438743
0.3507344128531791,1.2161176072742197
0.3489003223778657,1.2172739651747235
0.34893602950382785,1.2176398409959992
0.3489528163634187,1.2171405829329507
0.34893152872983724,1.2171574612033815
0.34851156038489955,1.2178535925557312
0.34857794671693465,1.220127938432671
0.3481366773011978,1.2228488831603808
0.34595143895906594,1.2260547886100217
0.34423653972470836,1.2293149486479706
0.34246638503151977,1.2317691146822403
0.3392190589223112,1.2341130413978916
0.33485978591280124,1.2360047721073992
0.3322135154345599,1.2356647542114925
0.3296926327649471,1.2354280751669657
0.32728533316743486,1.2350004382262119
0.32660738927042754,1.234635126830741
0.32672048908387086,1.2350599765620793
0.32672256918596576,1.2365661414372104
0.32631282545351065,1.2392355451493768
0.3259929806819423,1.2424603635819702
0.3252122610255264,1.245595021873801
0.3230808552270018,1.2485056641454646
0.3205542397534485,1.2508390382771344
0.31905391563803215,1.2522725734790134
0.3167277523733427,1.2531271037126983
0.31482735107599147,1.2536218635229242
0.31359182227438487,1.2529675157176325
0.3136750742668818,1.252531586446631
0.31369476157671267,1.2524649562498027
0.31342501923740335,1.2527969783052013
0.3117274212001806,1.2581062389481772
0.31022921599203873,1.2622626664270618
0.30807943362219936,1.2650905545851638
0.3052572909306119,1.2685909836246194
0.30225245557541347,1.2709597003015891
0.2984577831779322,1.2724474567178352
0.2941745041206955,1.273195170382718
0.2917429826908096,1.2722005555428972
0.29002001392555343,1.271073609050487
0.28970897163034925,1.2696563591153245
0.290864031208621,1.2689542000474812
0.2918442978370903,1.2690196258980473
0.29270382491209324,1.2702909869363583
0.2926374114153344,1.2726894848129846
0.2920111562955471,1.2755656910121602
0.2906560148565379,1.278270568579031
0.28855568444045687,1.280067533075592
0.2865755144864595,1.2809632968936813
0.283886106724075,1.2816847439416483
0.2825992124989992,1.2802878291872544
0.2784262697420209,1.2821001781610648
0.27713425603579717,1.281725850829842
0.27681444280834167,1.2818866361412147
0.27635591409718496,1.2825489882913028
0.2756130506881407,1.283712380507347
0.27421833801743273,1.2859750854628544
0.2724096997832035,1.2886945546111346
0.26950665029609144,1.2908641592593884
0.26671787672222935,1.2932664542937649
0.2639896201629819,1.2949349053715131
0.26006770584159083,1.296000401757839
0.25604795329698893,1.2957440160333957
0.25354644802828386,1.2947402431506223
0.251843557997804,1.294195970638082
0.25169182514245325,1.2932038426441164
0.25230144782703723,1.2925850878359098
0.2536125522581237,1.2924544551373263
0.2542013942549711,1.2929962074101
0.25317571787556964,1.2949058292263387
0.2521010763516777,1.2976995725634597
0.2499621487923511,1.3006986279822532
0.2462524989335846,1.3030830914086826
0.24349248888674527,1.3043268501651706
0.2412688428593691,1.3051664906673297
0.23935305662273665,1.3057921793724498
0.23813464570701465,1.3050550324974624
0.23759437706617176,1.3041938745398136
0.23754489216702387,1.3038480426773889
0.23733388821640647,1.3041021154684436
0.23685262477915825,1.3049033384729816
0.23587764171299697,1.307698036971098
0.2344320850159238,1.3112829800712555
0.2321378860009637,1.3139674672311124
0.2293060080253934,1.3165287273159085
0.22679976336215932,1.317774819771057
0.2226318274818439,1.3185847096119738
0.21973555561042654,1.3178884905121686
0.21683413117545747,1.3170739866534094
0.21439614458047737,1.3164712982154056
0.21511705842192547,1.3149983541644144
0.21524961696442327,1.3144468443737307
0.2151201963966727,1.3148019185540911
0.2144661310649981,1.3158224624123622
0.2129378802838352,1.3179053294396024
0.2110903330092129,1.321096228043125
0.20916753214931788,1.3240577965405673
0.20732652103423954,1.3258400384156837
0.204835053089104,1.3268592003716866
0.20157171232274373,1.3283839816144758
0.19971284728932714,1.328339014517951
0.19988048763400695,1.3276512001280691
0.20127920131401278,1.325293639578987
0.20026443470943237,1.32570783110572
0.19963936475201935,1.326225159688766
0.19872715897412327,1.3272334731518487
0.19724570657471385,1.3300912719074258
0.19510780560797963,1.333175370736161
0.19198882190714933,1.3352527159707683
0.18855652828481453,1.3372393734580925
0.1847492649887031,1.3386924248024126
0.18044412020876116,1.3388671738642657
0.17627073011763192,1.3378873935871705
0.17459219306049004,1.3365365947562586
0.17352979435087415,1.335685875621263
0.17468872182845838,1.3340537665950578
0.17587247095487663,1.3333720393425161
0.17653780097350624,1.3339046207169765
0.1766294347321075,1.3353179313375039
0.1756841789324678,1.3377806269665453
0.17448611457146612,1.3405589309846664
0.17284837756670468,1.3431273771809338
0.16963396747019774,1.3441460238991207
0.166071035164295,1.3447493437860412
0.16320634519992736,1.3451763792457172
0.16108017812101827,1.345816752162249
0.16035709518803642,1.3446646113561584
0.15996797679725203,1.3436387925593758
0.15947552394173778,1.3434718702375894
0.1588438839512821,1.3439008837745763
0.15778134976245584,1.3447026139490659
0.1560958232438334,1.346949391317016
0.15379278018650383,1.3498601248740045
0.15057893528099137,1.3513123575672241
0.14711551883016238,1.3527374342772411
0.14341525305942524,1.3535900797486555
0.14075060754274954,1.353113925387227
0.13734941099842157,1.3518516784355437
0.13515051777027712,1.3507770625109354
0.1340859137452334,1.349878044806319
0.13431869426583887,1.348133763711914
0.13473301843484442,1.3474291132306984
0.13458710241422545,1.347770441597132
0.13363269376265782,1.3486159601940582
0.1319072209988987,1.3509413968632151
0.12960038150877293,1.3538731203907606
0.1276480437536252,1.356475043262666
0.12467543325620667,1.3570319949105554
0.12232775516420843,1.357283455191114
0.12043302720649303,1.3576727196866107
0.11916005483232636,1.3580952152081318
0.11909996826072816,1.3565115665230363
0.11928037636993544,1.355154654425394
0.11975295432574695,1.3544864326642305
0.11983936849946164,1.3543657062355998
0.11944006740289065,1.3544947716213191
0.11838094783286235,1.356145868241296
0.116217017861179,1.3587842126719303
0.11354189180107133,1.3599291400370346
0.10996150319480902,1.3613447682825512
0.10725973698213169,1.3619667747762616
0.10315515578922557,1.3615793019050908
0.09873067004820307,1.360083044418242
0.09230386698863499,1.3579504732834722
0.09078496925166071,1.3568108411226496
0.09384617266539749,1.3558451677351706
0.09563904128264966,1.355482647455089
0.09679909954926816,1.3559305799473682
0.09706425336032096,1.3567034553023314
0.09570284622982256,1.3580021705447642
0.09443428387288735,1.3595674521147165
0.08995337047332401,1.3613142325554644
0.08788885896448216,1.3617856834676925
0.08558768769776794,1.3618585144119222
0.08342267822794193,1.3613486595897162
0.08180950400088392,1.3609202625954668
0.08151499984627499,1.3596707598986013
0.07881069826040032,1.3593134365596415
0.07794946723661897,1.359062810786885
0.07763890149875723,1.3590569616597072
0.07685137503262757,1.3591472875585677
0.07509707769898105,1.360090627369662
0.07453998638163006,1.3611340481787906
0.0719947562354712,1.3615525423376473
0.06874217804622207,1.3621456624645867
0.06471112251072841,1.3627592176084933
0.06057692315444074,1.3619392850818144
0.059322208464173964,1.3608917049966132
0.05891003701508214,1.3602117931813553
0.058514740381180486,1.3596219792498578
0.05773705665953059,1.359087654361262
0.05712091763800198,1.3590474598889097
0.056690514160564726,1.3591612938118658
0.05600294024998992,1.359240921804174
0.05478253326049114,1.359300141824133
0.05603626422388682,1.3606467873953125
0.05402566367721975,1.3613257174087745
0.052427018169285286,1.3612245069651978
0.04908114635768844,1.3610208048634675
0.04678873730479147,1.3606608646554261
0.04200099529573944,1.3599930089172678
0.04218474355181667,1.3592157509769143
0.04056621920520748,1.3590206884196598
0.04006988075452022,1.3591855861833408
0.03904585405019015,1.3592856619001061
0.0380737744645442,1.3596272312398747
0.036842919962389434,1.3601859914133496
0.03496179259500534,1.3602131374732571
0.03138723302103605,1.3598813158413816
0.02960223451852139,1.3589355821504614
0.028427902509210817,1.3587945400111834
0.025835004962842148,1.358227625025188
0.022760945001715455,1.3579579939874824
0.021414523816636347,1.3577764856039884
0.02136405722133716,1.357781020798246
0.02329139789456085,1.3567434888294523
0.019615156237863765,1.3570798409395284
0.018866730592169763,1.3571044022006875
0.01785790164337532,1.3567554713945962
0.017554027957538666,1.3559593385772009
0.01671533549714716,1.3551425076113288
0.01586487758301707,1.3544875585108413
0.013849047424703765,1.3547665594427118
0.012182905393776755,1.3546026147260068
0.008683435337466626,1.3549881802456296
0.00925305450391765,1.3551702945194815
0.007001806095796919,1.35471964624506
0.006090167301320476,1.3549998441074345
0.009696238130539225,1.3547410041496708
0.013425795379527346,1.3554776824289823
0.004830159810158783,1.356644371411973
0.009942839310379138,1.3562437642300855
0.008902035847244702,1.3566992294774298
0.00332347596962219,1.3570702815020719
0.0010645416912073609,1.3566302482233008
-0.0013662729220538664,1.3566365617572353
-0.0038400746274561076,1.3563480893189794
-0.005304482324222577,1.3555813105993455
-0.006307373986802729,1.3560553040121355
-0.0055156239808979235,1.355938854369054
-0.0043953020824202636,1.3552339210474122
-0.005697637527542057,1.3551309376533198
-0.0074365142910562156,1.3551693334806347
-0.007962815750859161,1.355029650707944
-0.00897457354040255,1.3550276155007643
-0.010838270604052219,1.3552697317476832
-0.012594549999844794,1.3553833026264877
-0.015325463404948286,1.355572983091112
-0.018667584533008433,1.3554596627090076
-0.02128153497526658,1.355588038437443
-0.023720696853757897,1.3554586637397175
-0.02502041363746453,1.3547730023146118
-0.02513951803156657,1.354529804117497
-0.02470706203173697,1.3537653326596772
-0.024284388619878118,1.3531671895462722
-0.02783099317349679,1.3564823869043732
-0.027530234790791495,1.3575674535661904
-0.028354941512494042,1.358222202217001
-0.03086894921187762,1.3586458078090091
-0.03469791054146948,1.3589130019339422
-0.037757429596769,1.3590523088592068
-0.042098075509104965,1.3582365874124385
-0.046448836102231564,1.3563792154830745
-0.04676288839986006,1.355269665457432
-0.0466871414373863,1.354329043088625
-0.04755389163061109,1.3532675848992213
-0.04759451682696665,1.3530714606465362
-0.047188073954470486,1.3534424576174264
-0.04806057776973701,1.35375371318784
-0.049611473399725776,1.3543088529890877
-0.05232280212201503,1.3554853742748751
-0.054477862223302906,1.3571566340521026
-0.058334753638063945,1.3573301195164464
-0.061134227437479864,1.3569914412067208
-0.06332329054226984,1.356341279600947
-0.06511856960837031,1.3554016743381727
-0.06679787866354277,1.353354560582134
-0.06720808584322539,1.3527523607783676
-0.06802384898110485,1.3521097282679575
-0.06747576102731395,1.3522250076603004
-0.06932402419198842,1.3526611403266058
-0.07178085036155364,1.3543909813183956
-0.0740129024461707,1.356301667344518
-0.07738074918996486,1.357061942600013
-0.08207032121173007,1.3577850421665825
-0.08591798542811528,1.3571193221056639
-0.08991594709194797,1.3553320023559436
-0.09298691718121191,1.352827033537371
-0.0931776510735485,1.3516808637592594
-0.0919973799254776,1.350167849240973
-0.09079100516665922,1.3488905071767752
-0.0891389034077107,1.349074192228384
-0.08826291739679094,1.3498486169845103
-0.08798360401224256,1.350758436776505
-0.0900541714796822,1.3524740220644558
-0.09181075974027283,1.3547178567200207
-0.09328874033140189,1.356490723084685
-0.09647940849269115,1.3564010602898289
-0.10028281355565039,1.3554479002503443
-0.10189243274648371,1.3550197791804397
-0.10469338958535407,1.35314155571921
-0.10351947557704261,1.3504573567128875
-0.10602701645794857,1.3493995450506167
-0.1062031860568568,1.348656914303918
-0.10650269182859434,1.3486334605089076
-0.1074448421805621,1.348562308073139
-0.10886573173974098,1.3501389788791862
-0.11078755268857018,1.3516173330849222
-0.11423865354868794,1.3518005502578623
-0.11786005735009272,1.3514004702933873
-0.12473938180936622,1.350227791255863
-0.12451074086035617,1.3493838587859606
-0.1276100862281487,1.3465844669707203
-0.12865611750554792,1.344337202944836
-0.12841172555064895,1.342705589479573
-0.1280839638396705,1.34150373046886
-0.12713814221419797,1.3414806062727784
-0.1264747628584862,1.3420978418164955
-0.1267708213315734,1.3427141747410332
-0.12875570005214934,1.3436095211774335
-0.13108268451048008,1.345613461911505
-0.13297751582645811,1.347275365410805
-0.13629793709124954,1.3473227190433887
-0.13996460226648605,1.346240554127796
-0.14176326997769845,1.3447124998036009
-0.14272386257083175,1.3427561182453225
-0.14391821202456145,1.3401431757971218
-0.14381834225894477,1.3388452155909114
-0.1455185490466092,1.3380331024072467
-0.14576723918606682,1.338036403559545
-0.14644589362891433,1.3379738970762278
-0.14869690607648167,1.3397056482265106
-0.15074292127487166,1.340752616422144
-0.15428583606368035,1.3408338786381377
-0.15753800927526726,1.340501385357024
-0.16054611557350693,1.3395095568140054
-0.16378652390811888,1.3375416887466636
-0.16668459760693916,1.334385902852714
-0.16733961550679322,1.3324311743177042
-0.1679293303314385,1.330716359013636
-0.16717036374527233,1.3298711477419345
-0.1661627449499464,1.3298232416348388
-0.16556592365553524,1.3305577653396048
-0.1657059996555834,1.3310723856186335
-0.16670102062284997,1.3306346847541788
-0.16911980438337731,1.3314732512909586
-0.17270502383523578,1.3315270256281058
-0.17780270638740733,1.330588801062476
-0.18049093888779907,1.3294431827551465
-0.18266378562008548,1.3283742258983824
-0.18363335014016408,1.3268800506874268
-0.18487828103030823,1.3243985579455986
-0.1853646294994388,1.323455599128871
-0.18604268576510047,1.3228514382693635
-0.18560224477687734,1.3230253471876305
-0.18523858384191924,1.3232905638581138
-0.1861408507470517,1.3240152331414106
-0.18733356372931154,1.324661470506736
-0.1911005846720975,1.3250716499606365
-0.19457581265661686,1.3240228733782082
-0.1976595779507477,1.3233740419796187
-0.2006031882474586,1.3214506107581692
-0.20320194255606056,1.3183686968692434
-0.20291894766169405,1.3167802108705435
-0.2026127183488946,1.3158569078033029
-0.20261290292123407,1.3152216039986497
-0.20299544648554194,1.314875767447357
-0.2029095286810398,1.315269555829259
-0.2036178675871393,1.31525638851314
-0.20565633858218701,1.3151437933530015
-0.2085694850458334,1.3151970326980875
-0.21155943439850158,1.3150962575568026
-0.21468395818143826,1.3140717930211605
-0.21731282231330412,1.312827255340156
-0.21340030512940902,1.313024973578662
-0.21919900858697386,1.309444916472922
-0.2170216088994431,1.3088156935711965
-0.22027733124760987,1.3072283320225089
-0.21987603154923524,1.307105622534702
-0.22149760029433938,1.3067650258862198
-0.22239516770460235,1.306706654856132
-0.22426033549244476,1.307154581002553
-0.2260425498007324,1.3075630069544273
-0.22898115517644907,1.3064046961328757
-0.23227107713605932,1.3040233299829378
-0.23547198778882245,1.3024391103773576
-0.23647496577461885,1.3009376149321905
-0.2389309963829619,1.2980267214972478
-0.23801158060881838,1.297170110132098
-0.23697613752217317,1.2970718121402287
-0.2374507227888856,1.296218408536185
-0.23823317992119708,1.2957010705879368
-0.23898411678584117,1.2955693763672331
-0.2392178707095882,1.295570709666537
-0.23998463591840727,1.2954950981389035
-0.24200924149028258,1.295222420681155
-0.24368557545145864,1.295149189267637
-0.24639531530361067,1.2933920341847065
-0.2489900732877244,1.291411604986442
-0.2520982337440755,1.2892300072132352
-0.25492639282448093,1.2868287059737058
-0.2553701868419418,1.2854735414271627
-0.2564340790923141,1.2841456825618038
-0.2567134418631948,1.2844100688569364
-0.258361057578955,1.2850974050535808
-0.2580663794458118,1.2846004921676406
-0.2597365291544672,1.2850611525621807
-0.2607273797862966,1.2851184983487158
-0.2627538130804068,1.2843482590967252
-0.2664345897944943,1.2829303242085506
-0.2695006971407647,1.281147089373293
-0.27270163070356834,1.2785492911815781
-0.27409648865662156,1.2760290876828106
-0.27363277965696337,1.274945332709737
-0.2737746122588036,1.2741205649031038
-0.2743316414576392,1.2727240178479347
-0.2745090239128596,1.2725145433299898
