run_name,delta_phi_vh_deg,distance_first_to_last,orientation_change_deg,displacement_x_local,displacement_y_local
phi_vh_-360_deg,-360.00084183659885,0.024072231067918778,-6.103583949801418,0.017427466762149502,-0.016605893858550592
phi_vh_-355_deg,-354.99892028510675,0.024662862606799507,-5.872059810688587,0.018959626673895762,-0.015773057672764965
phi_vh_-350_deg,-350.002728311566,0.028102348437020676,-5.670526259524376,0.021988620317384966,-0.017499787547670502
phi_vh_-345_deg,-345.0008067600739,0.030650365975856932,-4.610170310242152,0.023837107278239355,-0.01926751803060469
phi_vh_-340_deg,-339.9988852085818,0.03272026310935477,-4.298642295149282,0.02789003233928504,-0.017110280946233392
phi_vh_-335_deg,-335.002693235041,0.03461780719659064,-3.4998509009601846,0.031316288337557445,-0.014754072653314635
phi_vh_-330_deg,-330.0007716835489,0.03585028168226216,-2.8947539809718172,0.033671275126860765,-0.012308043225013016
phi_vh_-325_deg,-324.9988501320569,0.03692170818923302,-1.962965728310063,0.03509046496816565,-0.011483544919963371
phi_vh_-320_deg,-320.00265815851606,0.03833815956017686,-0.9396547505775235,0.03759885597118096,-0.007492696985730164
phi_vh_-315_deg,-315.000736607024,0.03961712593540044,-0.01467366217836375,0.03904142179118768,-0.006729342605630515
phi_vh_-310_deg,-309.9988150555319,0.0415756181498086,1.0756331183342884,0.041566779240515474,0.0008572561513025456
phi_vh_-305_deg,-305.0026230819911,0.04080789561199258,2.0688644743419875,0.04071546176803654,0.0027450896697263374
phi_vh_-300_deg,-300.00070153049904,0.040589381115793056,3.0275609937662074,0.0394993421580173,0.009343437721041181
phi_vh_-295_deg,-294.99877997900694,0.03979744266082061,3.7497488272200186,0.03847283579731834,0.010182207425400672
phi_vh_-290_deg,-290.0025880054662,0.03808633071740587,4.169678475747013,0.03620804825503489,0.011812951751221174
phi_vh_-285_deg,-285.0006664539741,0.03486282323508778,5.12470353840788,0.03303710249215553,0.011134015575873188
phi_vh_-280_deg,-279.998744902482,0.03252723345558425,6.219224928060709,0.02902265465198923,0.014686947716440173
phi_vh_-275_deg,-275.0025529289412,0.030108130917809048,6.6122078021748445,0.026418181541071773,0.014442272377534763
phi_vh_-270_deg,-270.0006313774491,0.027714213274199494,7.4302602536966225,0.02472978332808909,0.012510612852837475
phi_vh_-265_deg,-264.99870982595706,0.02590171179446137,7.207375921846814,0.022466646705448894,0.01288985879270528
phi_vh_-260_deg,-260.00251785241625,0.02362235461875418,7.793246580721942,0.019619786820443845,0.013155972136429706
phi_vh_-255_deg,-255.00059630092417,0.021819185354194325,7.784899888039636,0.018116853530593783,0.012159624487281653
phi_vh_-250_deg,-249.9986747494321,0.01894798717377484,8.07105450862027,0.01521725301695865,0.011289881689167468
phi_vh_-245_deg,-245.0024827758913,0.016006833925629384,8.144776419216695,0.012276848888275892,0.01027120799600119
phi_vh_-240_deg,-240.0005612243992,0.013970055274865554,8.108551130312254,0.011132477369818265,0.008439809950068964
phi_vh_-235_deg,-234.99863967290713,0.010729923417359313,8.12435703812442,0.009323810600671929,0.005310161242861982
phi_vh_-230_deg,-230.0024476993664,0.008485208370679577,8.224153175103016,0.007731369020725734,0.003496383010943335
phi_vh_-225_deg,-225.0005261478743,0.005747362940204622,8.008141301658261,0.005677398309374226,0.0008940521255229959
phi_vh_-220_deg,-219.9986045963822,0.0037532922814830522,8.291295269978738,0.0036947881552897915,-0.0006601086560336231
phi_vh_-215_deg,-215.0024126228414,0.003538554863661878,7.929531839286368,0.0019088805718048263,-0.0029795210161586735
phi_vh_-210_deg,-210.00049107134933,0.004877453088083941,7.940607874932827,-0.0006182720881930635,-0.004838107920605012
phi_vh_-205_deg,-204.99856951985726,0.008626117678503907,7.146449000431549,-0.003933983420558891,-0.007676827512075896
phi_vh_-200_deg,-200.00237754631647,0.012619531678655593,6.967056822690118,-0.006213672985090145,-0.010983753812925387
phi_vh_-195_deg,-195.00045599482436,0.013972560958546532,7.378299301756064,-0.00700826351235684,-0.01208787418372919
phi_vh_-190_deg,-189.9985344433323,0.01681811204377557,6.779629987104706,-0.009919296259695929,-0.013581474678007957
phi_vh_-185_deg,-185.0023424697915,0.01946497504414703,6.6178914386048255,-0.012527472576270016,-0.01489790872304127
phi_vh_-180_deg,-180.00042091829943,0.02355085045829074,6.0764945244475035,-0.017314148101081058,-0.015964423974657038
phi_vh_-175_deg,-174.99849936680735,0.02602097712839446,5.97984770709365,-0.01977510924444638,-0.016912607873614257
phi_vh_-170_deg,-170.00230739326656,0.028375328857540502,5.446158392739625,-0.021467135512561266,-0.01855589881032179
phi_vh_-165_deg,-165.00038584177446,0.030201709428477153,4.8194305461226286,-0.024894701253768137,-0.017099622858057453
phi_vh_-160_deg,-159.99846429028239,0.03258050430307858,4.415299828577563,-0.027734093872954363,-0.017097055234427862
phi_vh_-155_deg,-155.0022723167416,0.03486191143424336,3.1393409319552794,-0.031063741651687213,-0.015823931984379265
phi_vh_-150_deg,-150.00035076524952,0.0358940938864355,2.9314396142699692,-0.03341089991842212,-0.013118602919877854
phi_vh_-145_deg,-144.99842921375742,0.03743589175846598,2.4354812414780924,-0.03497677804081961,-0.013344324247964761
phi_vh_-140_deg,-140.00223724021663,0.0384973558640963,1.5350874007229325,-0.03628586666278292,-0.01286010455080395
phi_vh_-135_deg,-135.00031568872456,0.040393082658373436,0.2653864378799655,-0.03989203340381686,-0.00634245989778004
phi_vh_-130_deg,-129.99839413723248,0.040477244096394735,-1.2871988597744304,-0.04044914711937204,-0.0015079081386211429
phi_vh_-125_deg,-125.00220216369172,0.04109684699203241,-2.3403524134102285,-0.04064302984565068,0.006090562999597926
phi_vh_-120_deg,-120.0002806121996,0.040077044601195363,-3.150574009002885,-0.038910641057638445,0.009598516367117518
phi_vh_-115_deg,-114.99835906070753,0.039644143379825726,-3.476949246180856,-0.03836018098805747,0.010007727958115872
phi_vh_-110_deg,-110.00216708716675,0.03791764564621385,-4.12316132746229,-0.03631553850232808,0.010905480944817006
phi_vh_-105_deg,-105.00024553567467,0.03476928272678481,-5.3762053995945225,-0.03186459747132999,0.013912240988611678
phi_vh_-100_deg,-99.99832398418258,0.033012590389895055,-5.9646031976349185,-0.030351850616670138,0.012984463346412598
phi_vh_-95_deg,-95.00213201064179,0.031094580838081646,-6.263298853212815,-0.028282397114417795,0.012922034319655964
phi_vh_-90_deg,-90.00021045914971,0.028109842035706902,-7.155855017792782,-0.024111344120686766,0.014450131624529192
phi_vh_-85_deg,-84.99828890765762,0.025384514375206526,-7.593991800545911,-0.021435908847190495,0.013596888686755043
phi_vh_-80_deg,-80.00209693411685,0.022699869737165656,-8.067766330805787,-0.01893905333851196,0.012513846120409518
phi_vh_-75_deg,-75.00017538262476,0.02055943941151791,-7.949964606520432,-0.01712844478172034,0.011371320427964076
phi_vh_-70_deg,-69.99825383113267,0.018439307121143597,-7.645826356123062,-0.01578217015234221,0.009535782736114305
phi_vh_-65_deg,-65.0020618575919,0.017359986668149464,-8.255524472972834,-0.014179878838252225,0.010014997416415736
phi_vh_-60_deg,-60.0001403060998,0.013014443810877655,-8.441594811369571,-0.010739990204637225,0.007350398500135089
phi_vh_-55_deg,-54.99821875460772,0.010002529240424688,-8.378831302655028,-0.0088538623901225,0.004653999568363234
phi_vh_-50_deg,-50.002026781066945,0.008840980210537648,-8.093184907338381,-0.008106879254761655,0.003527242525236025
phi_vh_-45_deg,-45.00010522957486,0.005919541307868175,-8.260689157223155,-0.00586709600465821,0.0007862275546438949
phi_vh_-40_deg,-39.998183678082775,0.0036264030606420385,-8.185208159106041,-0.0034580448183516247,-0.0010921195870899052
phi_vh_-35_deg,-35.00199170454199,0.0035629870341719262,-7.908458773700235,-0.0013446622702011535,-0.003299509052082558
phi_vh_-30_deg,-30.0000701530499,0.005991071725257133,-7.22814882609798,0.001361683087913331,-0.0058342745551839
phi_vh_-25_deg,-24.99814860155782,0.008502094275942736,-6.881950928460686,0.0030814439021810904,-0.007924033730034799
phi_vh_-20_deg,-20.00195662801704,0.01115531889696425,-7.1772024235932115,0.004341909831868361,-0.010275648821602095
phi_vh_-15_deg,-15.00003507652495,0.014903825271358301,-7.088970339723567,0.007653983360166181,-0.012788297245586588
phi_vh_-10_deg,-9.998113525032865,0.01709427088401919,-6.831044719952908,0.00962621650625849,-0.014126218631709717
phi_vh_-5_deg,-5.001921551492087,0.019782686784640183,-6.596786377692718,0.013150180374544077,-0.014779291340796185
phi_vh_0_deg,0.0,0.02300353139289685,-6.178621752295258,0.016842715163314398,-0.01566797378321301
phi_vh_5_deg,5.001921551492087,0.025650549954321575,-5.971034958616048,0.018242970194862845,-0.01803177061268505
phi_vh_10_deg,9.998113525032865,0.02798431986759584,-5.034224434144027,0.022654064896734844,-0.016429105334936696
phi_vh_15_deg,15.00003507652495,0.03114379327891947,-5.023929624119971,0.025206873473873438,-0.018290691333905484
phi_vh_20_deg,20.00195662801704,0.0326733999966194,-4.623717660569595,0.027638520672284516,-0.017425935911358967
phi_vh_25_deg,24.99814860155782,0.03376350149285132,-3.7494855368017346,0.02984122978020517,-0.015794778829181785
phi_vh_30_deg,30.0000701530499,0.03604835752240819,-3.0589464271749924,0.03259140369411138,-0.015404041200633885
phi_vh_35_deg,35.00199170454199,0.0381031984805439,-2.047102501471616,0.035807260627138474,-0.013026658083633808
phi_vh_40_deg,39.998183678082775,0.038918834829957595,-1.2712477799490003,0.03725246156060289,-0.011266313159029644
phi_vh_45_deg,45.00010522957486,0.04167210125732935,0.4706500428481457,0.04167029807429626,-0.0003876617087244707
phi_vh_50_deg,50.002026781066945,0.0414651793342987,1.36698865636486,0.041441517523451,0.0014006150716937209
phi_vh_55_deg,54.99821875460772,0.04196526805183663,2.274106802267527,0.04143870128809964,0.006627047473660429
phi_vh_60_deg,60.0001403060998,0.040597880562574684,2.904712989890597,0.03990348625678643,0.007476609574368326
phi_vh_65_deg,65.0020618575919,0.03942415220605993,3.5447902644160036,0.03827266355030884,0.009458699801317354
phi_vh_70_deg,69.99825383113267,0.038829926287329286,4.090570347908304,0.03696167653153473,0.011899480806220945
phi_vh_75_deg,75.00017538262476,0.03551548402576335,4.855882805338944,0.03311233085666667,0.012842240880114802
phi_vh_80_deg,80.00209693411685,0.03233790897910628,6.218393334496785,0.029648313498430418,0.012911927193093652
phi_vh_85_deg,84.99828890765762,0.02997393541521339,6.661033951232047,0.02688417261653391,0.013254360301417497
phi_vh_90_deg,90.00021045914971,0.027747767160003253,7.156425081415911,0.02434939257328956,0.01330585073107263
phi_vh_95_deg,95.00213201064179,0.02598249219876314,7.2846761414662655,0.022952793071996148,0.01217617308734206
phi_vh_100_deg,99.99832398418258,0.023030791249367643,7.858333472533932,0.018719927363931153,0.013415724544768014
phi_vh_105_deg,105.00024553567467,0.022183988031405835,7.6991400276963216,0.018953048144117433,0.011528715931287578
phi_vh_110_deg,110.00216708716675,0.018374064848460842,8.25921343341834,0.014540961251943684,0.0112323953333613
phi_vh_115_deg,114.99835906070753,0.016122503562816654,7.987488613814774,0.013419703257913775,0.008935697264487768
phi_vh_120_deg,120.0002806121996,0.013577942221548556,8.235680706896828,0.011379852028019683,0.0074067187601587255
phi_vh_125_deg,125.00220216369172,0.011349500441515973,8.905244136362318,0.009000237247679923,0.006914252653573357
phi_vh_130_deg,129.99839413723248,0.008548455125428499,8.2881785448536,0.007835846187190881,0.0034169576471110856
phi_vh_135_deg,135.00031568872456,0.005596462363630172,8.221261598517062,0.005460957062133502,0.0012240665639838533
phi_vh_140_deg,140.00223724021663,0.0037574955896872084,8.068316358461415,0.003168669201750616,-0.0020194822594902712
phi_vh_145_deg,144.99842921375742,0.004709988913764996,7.694584912257369,0.0005272670866171498,-0.004680382995777102
phi_vh_150_deg,150.00035076524952,0.006583115168579131,7.4552123849050895,-0.0009858343091632168,-0.006508881319985281
phi_vh_155_deg,155.0022723167416,0.009261475669902331,7.16150592308407,-0.002310093768912008,-0.008968745640446425
phi_vh_160_deg,159.99846429028239,0.011079202708430694,7.093968230464702,-0.005676610366726247,-0.009514453604851626
phi_vh_165_deg,165.00038584177446,0.014972856404353467,7.084058809440952,-0.007143291775069404,-0.013159020158112624
phi_vh_170_deg,170.00230739326656,0.016976055203180632,6.7253938412448155,-0.011063407677471545,-0.01287584796522155
phi_vh_175_deg,174.99849936680735,0.01980346637595951,6.511548796003025,-0.01436601664538954,-0.013630658320424205
phi_vh_180_deg,180.00042091829943,0.02199538879142754,6.52484580221691,-0.015189196114647273,-0.01590865957511319
phi_vh_185_deg,185.0023424697915,0.024830420884205395,6.038683900330484,-0.017999404964866995,-0.01710471344973381
phi_vh_190_deg,189.9985344433323,0.028160138861414764,5.408774926183688,-0.021996553565056965,-0.017582521205837965
phi_vh_195_deg,195.00045599482436,0.031766614417399724,4.680109506165318,-0.02552904494457576,-0.018904646406679472
phi_vh_200_deg,200.00237754631647,0.03294159929127625,4.106182062456957,-0.02674873423795253,-0.019226392811299727
phi_vh_205_deg,204.99856951985726,0.03501581076841574,3.61176789056904,-0.029953572519901113,-0.018135338349877152
phi_vh_210_deg,210.00049107134933,0.03607982925064805,3.027880651054088,-0.03170818190680452,-0.01721468207434901
phi_vh_215_deg,215.0024126228414,0.0372975329288648,2.092620822196771,-0.03462183286943565,-0.013872081723397508
phi_vh_220_deg,219.9986045963822,0.03972914194178553,1.2556385028020332,-0.03799154311834495,-0.011620988379543206
phi_vh_225_deg,225.0005261478743,0.03940713055896861,-0.23171712504144007,-0.038851011701061124,-0.006597031809504176
phi_vh_230_deg,230.0024476993664,0.04123538126677121,-0.9372293908128541,-0.04112258539386594,-0.003047890867499955
phi_vh_235_deg,234.99863967290713,0.04162678277765071,-1.9560107547998167,-0.041567129504407954,0.0022277318468557775
phi_vh_240_deg,240.0005612243992,0.03876031377638549,-2.7791214584303985,-0.0380005704315704,0.00763665967024299
phi_vh_245_deg,245.0024827758913,0.03941140046723803,-3.3236172176034215,-0.03823640388936704,0.009551748761258704
phi_vh_250_deg,249.9986747494321,0.038148263993286885,-4.448281153433876,-0.036222327615229546,0.011968000160281055
phi_vh_255_deg,255.00059630092417,0.03488890630270176,-5.331579000212539,-0.03212218303216728,0.01361620873248667
phi_vh_260_deg,260.00251785241625,0.03241291737050033,-6.354965221446991,-0.02859971580176622,0.015252982282986015
phi_vh_265_deg,264.99870982595706,0.030603294950396077,-6.635086150296091,-0.027028366788769232,0.014353712082687684
phi_vh_270_deg,270.0006313774491,0.028974042478491006,-6.820356283825577,-0.02542764844221665,0.013889918367090515
phi_vh_275_deg,275.0025529289412,0.02553741737759787,-7.300861001992083,-0.02207584275974839,0.012838101602826729
phi_vh_280_deg,279.998744902482,0.023042314367974878,-7.900394244457747,-0.019374701147524556,0.012472738547596198
phi_vh_285_deg,285.0006664539741,0.021049967948443212,-7.664321784670306,-0.018096771062376466,0.010752117361079176
phi_vh_290_deg,290.0025880054662,0.018655290404866246,-8.140347445969425,-0.015207336362262302,0.01080540516847515
phi_vh_295_deg,294.99877997900694,0.016005610282908974,-8.084727422499872,-0.012944885704849887,0.009413261635412805
phi_vh_300_deg,300.00070153049904,0.013552995358137514,-8.22448189460984,-0.011690278294962535,0.00685719159452504
phi_vh_305_deg,305.0026230819911,0.010899168856874027,-8.316351441860993,-0.009462176911789185,0.005409167205832742
phi_vh_310_deg,309.9988150555319,0.00783688129058785,-8.248714855740944,-0.007326113518734389,0.0027829425206753935
phi_vh_315_deg,315.000736607024,0.005441139730695408,-7.708899494819683,-0.005381055900761245,0.0008063739590504367
phi_vh_320_deg,320.00265815851606,0.0035853795682837045,-7.7431701955330645,-0.003328147993859661,-0.0013335582400608383
phi_vh_325_deg,324.9988501320569,0.0031895816871139325,-8.021077205795017,-0.001960936692507092,-0.002515583158385329
phi_vh_330_deg,330.0007716835489,0.006087133909047007,-7.330201281955344,0.0016033059071882496,-0.00587218948899345
phi_vh_335_deg,335.002693235041,0.008910685645442536,-7.116944776431447,0.0035317943141621013,-0.008180876945312644
phi_vh_340_deg,339.9988852085818,0.013425388993122832,-6.859595130334566,0.0076688456497647686,-0.011019522494951752
phi_vh_345_deg,345.0008067600739,0.014714675777740271,-6.954529349977545,0.008415035126959288,-0.012070992794963369
phi_vh_350_deg,350.002728311566,0.01679165829685639,-7.371213072165633,0.008643905535029691,-0.01439592600216704
phi_vh_355_deg,354.99892028510675,0.020551032731476186,-6.334833674104865,0.0147320071794949,-0.014328744215510173
phi_vh_360_deg,360.00084183659885,0.0230465458790486,-6.264215450277386,0.016479677193868263,-0.01611097503383921
